{"name":"eb29de9d-91f6-4628-94ca-0cac26c60d1d","id":"/providers/Microsoft.Flow/flows/eb29de9d-91f6-4628-94ca-0cac26c60d1d","type":"Microsoft.Flow/flows","properties":{"apiId":"/providers/Microsoft.PowerApps/apis/shared_logicflows","displayName":"UpdatePassword","definition":{"metadata":{"workflowEntityId":null,"processAdvisorMetadata":null,"flowChargedByPaygo":null,"flowclientsuspensionreason":"None","flowclientsuspensiontime":null,"flowclientsuspensionreasondetails":null,"creator":{"id":"2f55b7be-af22-46de-a6fe-dcdb8c1bdbbf","type":"User","tenantId":"353be11c-7198-4113-bdff-51523b02e7c8"},"provisioningMethod":"FromDefinition","failureAlertSubscription":true,"clientLastModifiedTime":"2023-11-23T13:51:16.2307034Z","connectionKeySavedTimeKey":"2023-11-23T13:51:16.2307034Z"},"$schema":"https://schema.management.azure.com/providers/Microsoft.Logic/schemas/2016-06-01/workflowdefinition.json#","contentVersion":"undefined","parameters":{"$connections":{"defaultValue":{},"type":"Object"},"$authentication":{"defaultValue":{},"type":"SecureObject"}},"triggers":{"manual":{"metadata":{"operationMetadataId":"6bfeee44-5bd4-4965-800c-e7a4701ea90a"},"type":"Request","kind":"PowerAppV2","inputs":{"schema":{"type":"object","properties":{"text":{"description":"Please enter your input","title":"user","type":"string","x-ms-content-hint":"TEXT","x-ms-dynamically-added":true},"text_1":{"description":"Please enter your input","title":"newPass","type":"string","x-ms-content-hint":"TEXT","x-ms-dynamically-added":true}},"required":["text","text_1"]}}}},"actions":{"List_rows":{"runAfter":{"Initialize_variable":["Succeeded"]},"metadata":{"operationMetadataId":"08376f32-0f58-496e-aa25-f3d64a01a443"},"type":"OpenApiConnection","inputs":{"host":{"apiId":"/providers/Microsoft.PowerApps/apis/shared_commondataserviceforapps","connectionName":"shared_commondataserviceforapps","operationId":"ListRecords"},"parameters":{"entityName":"cr0ea_loginalunoses","$select":"cr0ea_id","$filter":"cr0ea_id eq '@{triggerBody()['text']}'"},"authentication":"@parameters('$authentication')"}},"Apply_to_each":{"foreach":"@outputs('List_rows')?['body/value']","actions":{"Condition":{"actions":{"Compose":{"runAfter":{},"metadata":{"operationMetadataId":"b758be11-6a44-41ae-b2d2-95efdeeb61b1"},"type":"Compose","inputs":"@items('Apply_to_each')"},"Set_variable":{"runAfter":{"Parse_JSON_2":["Succeeded"]},"metadata":{"operationMetadataId":"ef78e451-265f-4097-b37d-794f4b9af03d"},"type":"SetVariable","inputs":{"name":"row","value":"@body('Parse_JSON_2')?['cr0ea_loginalunosid']"}},"Parse_JSON_2":{"runAfter":{"Compose":["Succeeded"]},"metadata":{"operationMetadataId":"6dd84563-ffb7-4603-b0be-d1d8fcde4136"},"type":"ParseJson","inputs":{"content":"@outputs('Compose')","schema":{"type":"object","properties":{"@@odata.type":{"type":"string"},"@@odata.id":{"type":"string"},"@@odata.etag":{"type":"string"},"@@odata.editLink":{"type":"string"},"cr0ea_loginalunosid@odata.type":{"type":"string"},"cr0ea_loginalunosid":{"type":"string"},"_owningbusinessunit_value@OData.Community.Display.V1.FormattedValue":{"type":"string"},"_owningbusinessunit_value@Microsoft.Dynamics.CRM.associatednavigationproperty":{"type":"string"},"_owningbusinessunit_value@Microsoft.Dynamics.CRM.lookuplogicalname":{"type":"string"},"_owningbusinessunit_value@odata.type":{"type":"string"},"_owningbusinessunit_value":{"type":"string"},"cr0ea_password":{"type":"string"},"statecode@OData.Community.Display.V1.FormattedValue":{"type":"string"},"statecode":{"type":"integer"},"statuscode@OData.Community.Display.V1.FormattedValue":{"type":"string"},"statuscode":{"type":"integer"},"_createdby_value@OData.Community.Display.V1.FormattedValue":{"type":"string"},"_createdby_value@Microsoft.Dynamics.CRM.lookuplogicalname":{"type":"string"},"_createdby_value@odata.type":{"type":"string"},"_createdby_value":{"type":"string"},"cr0ea_id":{"type":"string"},"_ownerid_value@OData.Community.Display.V1.FormattedValue":{"type":"string"},"_ownerid_value@Microsoft.Dynamics.CRM.associatednavigationproperty":{"type":"string"},"_ownerid_value@Microsoft.Dynamics.CRM.lookuplogicalname":{"type":"string"},"_ownerid_value@odata.type":{"type":"string"},"_ownerid_value":{"type":"string"},"_modifiedby_value@OData.Community.Display.V1.FormattedValue":{"type":"string"},"_modifiedby_value@Microsoft.Dynamics.CRM.lookuplogicalname":{"type":"string"},"_modifiedby_value@odata.type":{"type":"string"},"_modifiedby_value":{"type":"string"},"_owninguser_value@Microsoft.Dynamics.CRM.lookuplogicalname":{"type":"string"},"_owninguser_value@odata.type":{"type":"string"},"_owninguser_value":{"type":"string"},"createdon@OData.Community.Display.V1.FormattedValue":{"type":"string"},"createdon@odata.type":{"type":"string"},"createdon":{"type":"string"},"versionnumber@OData.Community.Display.V1.FormattedValue":{"type":"string"},"versionnumber@odata.type":{"type":"string"},"versionnumber":{"type":"integer"},"modifiedon@OData.Community.Display.V1.FormattedValue":{"type":"string"},"modifiedon@odata.type":{"type":"string"},"modifiedon":{"type":"string"},"owningbusinessunit@odata.associationLink":{"type":"string"},"owningbusinessunit@odata.navigationLink":{"type":"string"},"ownerid@odata.associationLink":{"type":"string"},"ownerid@odata.navigationLink":{"type":"string"},"createdby@odata.associationLink":{"type":"string"},"createdby@odata.navigationLink":{"type":"string"},"createdonbehalfby@odata.associationLink":{"type":"string"},"createdonbehalfby@odata.navigationLink":{"type":"string"},"modifiedby@odata.associationLink":{"type":"string"},"modifiedby@odata.navigationLink":{"type":"string"},"modifiedonbehalfby@odata.associationLink":{"type":"string"},"modifiedonbehalfby@odata.navigationLink":{"type":"string"},"owninguser@odata.associationLink":{"type":"string"},"owninguser@odata.navigationLink":{"type":"string"},"owningteam@odata.associationLink":{"type":"string"},"owningteam@odata.navigationLink":{"type":"string"},"cr0ea_loginalunos_SyncErrors@odata.associationLink":{"type":"string"},"cr0ea_loginalunos_SyncErrors@odata.navigationLink":{"type":"string"},"cr0ea_loginalunos_AsyncOperations@odata.associationLink":{"type":"string"},"cr0ea_loginalunos_AsyncOperations@odata.navigationLink":{"type":"string"},"cr0ea_loginalunos_MailboxTrackingFolders@odata.associationLink":{"type":"string"},"cr0ea_loginalunos_MailboxTrackingFolders@odata.navigationLink":{"type":"string"},"cr0ea_loginalunos_UserEntityInstanceDatas@odata.associationLink":{"type":"string"},"cr0ea_loginalunos_UserEntityInstanceDatas@odata.navigationLink":{"type":"string"},"cr0ea_loginalunos_ProcessSession@odata.associationLink":{"type":"string"},"cr0ea_loginalunos_ProcessSession@odata.navigationLink":{"type":"string"},"cr0ea_loginalunos_BulkDeleteFailures@odata.associationLink":{"type":"string"},"cr0ea_loginalunos_BulkDeleteFailures@odata.navigationLink":{"type":"string"},"cr0ea_loginalunos_PrincipalObjectAttributeAccesses@odata.associationLink":{"type":"string"},"cr0ea_loginalunos_PrincipalObjectAttributeAccesses@odata.navigationLink":{"type":"string"}}}}}},"runAfter":{},"expression":{"and":[{"equals":["@items('Apply_to_each')?['cr0ea_id']","@triggerBody()?['text']"]}]},"metadata":{"operationMetadataId":"3dd9165b-1a7a-42a2-968a-f8f1bc104414"},"type":"If"}},"runAfter":{"List_rows":["Succeeded"]},"metadata":{"operationMetadataId":"1e4fd1dc-35af-4ac4-b780-861db26c272b"},"type":"Foreach"},"HTTP":{"runAfter":{"Initialize_variable":["Succeeded"]},"metadata":{"operationMetadataId":"fa39b6d5-bde5-4bca-89ec-17d67a524e18"},"type":"Http","inputs":{"method":"GET","uri":"https://api.hashify.net/hash/md5/hex?value=@{triggerBody()?['text_1']}"}},"Parse_JSON":{"runAfter":{"HTTP":["Succeeded"]},"metadata":{"operationMetadataId":"71df6ce4-afce-4325-8cd7-04c4b2f4c516"},"type":"ParseJson","inputs":{"content":"@body('HTTP')","schema":{"type":"object","properties":{"Digest":{"type":"string"},"DigestEnc":{"type":"string"},"Type":{"type":"string"},"Key":{"type":"string"}}}}},"PasswordCompose":{"runAfter":{"Parse_JSON":["Succeeded"]},"metadata":{"operationMetadataId":"e9fde72e-eda6-4aba-9f09-00f03a860261"},"type":"Compose","inputs":"@body('Parse_JSON')?['Digest']"},"Respond_to_a_PowerApp_or_flow":{"runAfter":{"Update_a_row_2":["Succeeded"]},"metadata":{"operationMetadataId":"036cdbdc-9333-40fb-9580-4ff6d6caeef7"},"type":"Response","kind":"PowerApp","inputs":{"statusCode":200,"body":{},"schema":{"type":"object","properties":{}}}},"Update_a_row_2":{"runAfter":{"Apply_to_each":["Succeeded"],"PasswordCompose":["Succeeded"]},"metadata":{"operationMetadataId":"af8ad79a-95d3-4bdb-9c05-6374ce166079"},"type":"OpenApiConnection","inputs":{"host":{"apiId":"/providers/Microsoft.PowerApps/apis/shared_commondataserviceforapps","connectionName":"shared_commondataserviceforapps","operationId":"UpdateRecord"},"parameters":{"entityName":"cr0ea_loginalunoses","recordId":"@variables('row')","item/cr0ea_password":"@outputs('PasswordCompose')","item/cr0ea_id":"@triggerBody()['text']"},"authentication":"@parameters('$authentication')"}},"Initialize_variable":{"runAfter":{},"metadata":{"operationMetadataId":"18d365f7-bfe9-464d-98be-00300abb5ed1"},"type":"InitializeVariable","inputs":{"variables":[{"name":"row","type":"string"}]}}}},"connectionReferences":{"shared_commondataserviceforapps":{"connectionName":"92b4d7d73d6f49b4ba33dbc4d79a4021","source":"Embedded","id":"/providers/Microsoft.PowerApps/apis/shared_commondataserviceforapps","tier":"NotSpecified"}},"flowFailureAlertSubscribed":false,"isManaged":false}}