{"name":"483756a5-9308-437b-945c-768ebc844291","id":"/providers/Microsoft.Flow/flows/483756a5-9308-437b-945c-768ebc844291","type":"Microsoft.Flow/flows","properties":{"apiId":"/providers/Microsoft.PowerApps/apis/shared_logicflows","displayName":"UpdateStudentLogIn","definition":{"metadata":{"workflowEntityId":null,"processAdvisorMetadata":null,"flowChargedByPaygo":null,"flowclientsuspensionreason":"None","flowclientsuspensiontime":null,"flowclientsuspensionreasondetails":null,"creator":{"id":"01dff5a4-5341-4616-84ab-81072dd91f99","type":"User","tenantId":"92742eae-a119-43fb-a956-d7def744881a"},"provisioningMethod":"FromDefinition","failureAlertSubscription":true,"clientLastModifiedTime":"2023-10-20T08:28:23.5634207Z"},"$schema":"https://schema.management.azure.com/providers/Microsoft.Logic/schemas/2016-06-01/workflowdefinition.json#","contentVersion":"1.0.0.0","parameters":{"$connections":{"defaultValue":{},"type":"Object"},"$authentication":{"defaultValue":{},"type":"SecureObject"}},"triggers":{"When_a_row_is_added,_modified_or_deleted":{"metadata":{"operationMetadataId":"9d00b2a3-fafd-464f-b13d-fc14e6ace631"},"type":"OpenApiConnectionWebhook","inputs":{"host":{"apiId":"/providers/Microsoft.PowerApps/apis/shared_commondataserviceforapps","connectionName":"shared_commondataserviceforapps","operationId":"SubscribeWebhookTrigger"},"parameters":{"subscriptionRequest/message":4,"subscriptionRequest/entityname":"cr0ea_f_gym","subscriptionRequest/scope":1},"authentication":"@parameters('$authentication')"}}},"actions":{"StudentID":{"runAfter":{"Get_a_row_by_ID":["Succeeded"]},"metadata":{"operationMetadataId":"aad227b8-77dd-4b56-97c0-13eb476f6ec1"},"type":"Compose","inputs":"@outputs('Get_a_row_by_ID')?['body/cr0ea_userid']"},"Get_a_row_by_ID":{"runAfter":{},"metadata":{"operationMetadataId":"ea87ad0e-0146-4a5c-82aa-7a1550aaee7b"},"type":"OpenApiConnection","inputs":{"host":{"apiId":"/providers/Microsoft.PowerApps/apis/shared_commondataserviceforapps","connectionName":"shared_commondataserviceforapps","operationId":"GetItem"},"parameters":{"entityName":"cr0ea_studentses","recordId":"@triggerOutputs()?['body/_cr0ea_studentid_value']"},"authentication":"@parameters('$authentication')"}},"LastLogInStudents":{"runAfter":{"Get_a_row_by_ID":["Succeeded"]},"metadata":{"operationMetadataId":"ffc22a55-be9f-4c5d-ac3a-8539362bbef5"},"type":"Compose","inputs":"@outputs('Get_a_row_by_ID')?['body/cr0ea_lastlogin']"},"StartTime":{"runAfter":{"Get_a_row_by_ID":["Succeeded"]},"metadata":{"operationMetadataId":"9aac5158-da77-4f01-bdb7-cf258a86b03d"},"type":"Compose","inputs":"@triggerOutputs()?['body/cr0ea_starttime']"},"dayCount":{"runAfter":{"Get_a_row_by_ID":["Succeeded"]},"metadata":{"operationMetadataId":"8dcee0ff-50c4-4ccd-8b0b-1b9790735f5d"},"type":"Compose","inputs":"@outputs('Get_a_row_by_ID')?['body/cr0ea_daycount']"},"Condition":{"actions":{"Update_a_row":{"runAfter":{},"metadata":{"operationMetadataId":"f7c03bc7-3ef5-4d56-93ea-dd07a8258b69"},"type":"OpenApiConnection","inputs":{"host":{"apiId":"/providers/Microsoft.PowerApps/apis/shared_commondataserviceforapps","connectionName":"shared_commondataserviceforapps","operationId":"UpdateRecord"},"parameters":{"entityName":"cr0ea_studentses","recordId":"@triggerOutputs()?['body/_cr0ea_studentid_value']","item/cr0ea_userid":"@outputs('StudentID')","item/cr0ea_address":"@outputs('Get_a_row_by_ID')?['body/cr0ea_address']","item/cr0ea_contact":"@outputs('Get_a_row_by_ID')?['body/cr0ea_contact']","item/cr0ea_daycount":"@add(outputs('dayCount'), 1)","item/cr0ea_email":"@outputs('Get_a_row_by_ID')?['body/cr0ea_email']","item/cr0ea_firstname":"@outputs('Get_a_row_by_ID')?['body/cr0ea_firstname']","item/cr0ea_lastlogin":"@outputs('StartTime')","item/cr0ea_lastname":"@outputs('Get_a_row_by_ID')?['body/cr0ea_lastname']"},"authentication":"@parameters('$authentication')"}}},"runAfter":{"StudentID":["Succeeded"],"LastLogInStudents":["Succeeded"],"StartTime":["Succeeded"],"dayCount":["Succeeded"]},"else":{"actions":{"Update_a_row_2":{"runAfter":{},"metadata":{"operationMetadataId":"21e67694-1fa5-411d-b0a5-6998302abcd8"},"type":"OpenApiConnection","inputs":{"host":{"apiId":"/providers/Microsoft.PowerApps/apis/shared_commondataserviceforapps","connectionName":"shared_commondataserviceforapps","operationId":"UpdateRecord"},"parameters":{"entityName":"cr0ea_studentses","recordId":"@triggerOutputs()?['body/_cr0ea_students_value']","item/cr0ea_userid":"@outputs('StudentID')","item/cr0ea_address":"@outputs('Get_a_row_by_ID')?['body/cr0ea_address']","item/cr0ea_contact":"@outputs('Get_a_row_by_ID')?['body/cr0ea_contact']","item/cr0ea_daycount":1,"item/cr0ea_email":"@outputs('Get_a_row_by_ID')?['body/cr0ea_email']","item/cr0ea_firstname":"@outputs('Get_a_row_by_ID')?['body/cr0ea_firstname']","item/cr0ea_lastlogin":"@outputs('StartTime')","item/cr0ea_lastname":"@outputs('Get_a_row_by_ID')?['body/cr0ea_lastname']"},"authentication":"@parameters('$authentication')"}}}},"expression":{"lessOrEquals":["@sub(div(ticks(outputs('StartTime')), 864000000000), div(ticks(outputs('LastLogInStudents')), 864000000000))",1]},"metadata":{"operationMetadataId":"89565a19-a44a-4dca-867d-af3efb61dbba"},"type":"If"}}},"connectionReferences":{"shared_commondataserviceforapps":{"connectionName":"shared-commondataser-fc10f42b-84e3-45fa-bcec-c1ed115e58f7","source":"Embedded","id":"/providers/Microsoft.PowerApps/apis/shared_commondataserviceforapps","tier":"NotSpecified"}},"flowFailureAlertSubscribed":false,"isManaged":false}}