<botcomponent_workflowset>
  <botcomponent_workflow botcomponentid.schemaname="cr0f0_powerLift.topic.Lesson3" workflowid.workflowid="2299f2c8-3682-ee11-8179-0022489bae2a">
    <iscustomizable>1</iscustomizable>
  </botcomponent_workflow>
  <botcomponent_workflow botcomponentid.schemaname="cr0f0_powerLift.topic.Lesson3" workflowid.workflowid="ce44e50b-1982-ee11-8179-0022489bae2a">
    <iscustomizable>1</iscustomizable>
  </botcomponent_workflow>
  <botcomponent_workflow botcomponentid.schemaname="cr0f0_powerLift.topic.Topic-CheckanOrder" workflowid.workflowid="d1f76845-db8a-ee11-8179-0022489bae2a">
    <iscustomizable>1</iscustomizable>
  </botcomponent_workflow>
  <botcomponent_workflow botcomponentid.schemaname="cr0f0_powerLift.topic.Topic-GymPassesPacks" workflowid.workflowid="e490e8ec-b687-ee11-8179-0022489bae2a">
    <iscustomizable>1</iscustomizable>
  </botcomponent_workflow>
  <botcomponent_workflow botcomponentid.schemaname="cr0f0_powerLift.topic.Topic-JointheGym" workflowid.workflowid="3f95dbb2-bf83-ee11-8179-0022489bae2a">
    <iscustomizable>1</iscustomizable>
  </botcomponent_workflow>
  <botcomponent_workflow botcomponentid.schemaname="cr0f0_powerLift.topic.Topic-Orders" workflowid.workflowid="d1c000b6-af8a-ee11-8179-0022489bae2a">
    <iscustomizable>1</iscustomizable>
  </botcomponent_workflow>
  <botcomponent_workflow botcomponentid.schemaname="cr0f0_powerLift.topic.Topic-PromotionsandSales" workflowid.workflowid="52f1b7d5-0a83-ee11-8179-0022489bae2a">
    <iscustomizable>1</iscustomizable>
  </botcomponent_workflow>
  <botcomponent_workflow botcomponentid.schemaname="cr0f0_powerLift.topic.Topic-PromotionsandSales" workflowid.workflowid="614acb1c-0783-ee11-8179-0022489bae2a">
    <iscustomizable>1</iscustomizable>
  </botcomponent_workflow>
</botcomponent_workflowset>