{
  "properties": {
    "connectionReferences": {
      "shared_sharepointonline": {
        "runtimeSource": "embedded",
        "connection": {
          "connectionReferenceLogicalName": "cr0f0_sharedsharepointonline_eeb2e"
        },
        "api": {
          "name": "shared_sharepointonline"
        }
      }
    },
    "definition": {
      "$schema": "https://schema.management.azure.com/providers/Microsoft.Logic/schemas/2016-06-01/workflowdefinition.json#",
      "contentVersion": "1.0.0.0",
      "parameters": {
        "$connections": {
          "defaultValue": {},
          "type": "Object"
        },
        "$authentication": {
          "defaultValue": {},
          "type": "SecureObject"
        }
      },
      "triggers": {
        "manual": {
          "metadata": {
            "operationMetadataId": "4b360042-3039-4c5c-a200-8fbc12a264e3"
          },
          "type": "Request",
          "kind": "VirtualAgent",
          "inputs": {
            "schema": {
              "type": "object",
              "properties": {
                "text": {
                  "title": "OrderID",
                  "type": "string",
                  "x-ms-dynamically-added": true,
                  "description": "Please enter your input",
                  "x-ms-content-hint": "TEXT"
                }
              },
              "required": [
                "text"
              ]
            }
          }
        }
      },
      "actions": {
        "Return_value(s)_to_Power_Virtual_Agents": {
          "runAfter": {
            "Apply_to_each": [
              "Succeeded"
            ]
          },
          "metadata": {
            "operationMetadataId": "e6e82fbe-80b6-4887-bcc5-40e55028d9b2"
          },
          "type": "Response",
          "kind": "VirtualAgent",
          "inputs": {
            "statusCode": 200,
            "body": {
              "orderstatus": "@variables('OrderStatus')"
            },
            "schema": {
              "type": "object",
              "properties": {
                "orderstatus": {
                  "title": "OrderStatus",
                  "x-ms-dynamically-added": true,
                  "type": "string"
                }
              }
            }
          }
        },
        "Get_items": {
          "runAfter": {},
          "metadata": {
            "operationMetadataId": "521a12c5-55bd-4432-9f03-fafe725a177e"
          },
          "type": "OpenApiConnection",
          "inputs": {
            "host": {
              "connectionName": "shared_sharepointonline",
              "operationId": "GetItems",
              "apiId": "/providers/Microsoft.PowerApps/apis/shared_sharepointonline"
            },
            "parameters": {
              "dataset": "https://bsdesigner.sharepoint.com/sites/PowerLift",
              "table": "7e52a303-a9f8-4cba-a6f1-f6b963d68731",
              "$filter": "GenNumber eq '@{triggerBody()['text']}'"
            },
            "authentication": "@parameters('$authentication')"
          }
        },
        "Apply_to_each": {
          "foreach": "@outputs('Get_items')?['body/value']",
          "actions": {
            "Set_variable": {
              "runAfter": {},
              "metadata": {
                "operationMetadataId": "a0305921-9bd5-4a36-a059-666ef1c7a093"
              },
              "type": "SetVariable",
              "inputs": {
                "name": "OrderStatus",
                "value": "@items('Apply_to_each')?['OrderStatus/Value']"
              }
            }
          },
          "runAfter": {
            "Initialize_variable": [
              "Succeeded"
            ]
          },
          "metadata": {
            "operationMetadataId": "bfe9ff75-110e-4232-936e-c512ecca194c"
          },
          "type": "Foreach"
        },
        "Initialize_variable": {
          "runAfter": {
            "Get_items": [
              "Succeeded"
            ]
          },
          "metadata": {
            "operationMetadataId": "184a1300-6bcb-4e36-9ae6-f737e86f3d15"
          },
          "type": "InitializeVariable",
          "inputs": {
            "variables": [
              {
                "name": "OrderStatus",
                "type": "string"
              }
            ]
          }
        }
      },
      "outputs": {}
    },
    "templateName": "c9cd2c4e691a4646adc8aa592c88489b"
  },
  "schemaVersion": "1.0.0.0"
}