{
  "properties": {
    "connectionReferences": {
      "shared_commondataserviceforapps": {
        "runtimeSource": "embedded",
        "connection": {
          "connectionReferenceLogicalName": "cr0f0_sharedcommondataserviceforapps_49918"
        },
        "api": {
          "name": "shared_commondataserviceforapps"
        }
      },
      "shared_commondataserviceforapps_1": {
        "runtimeSource": "embedded",
        "connection": {
          "connectionReferenceLogicalName": "cr0ea_sharedcommondataserviceforapps_85289"
        },
        "api": {
          "name": "shared_commondataserviceforapps"
        }
      }
    },
    "definition": {
      "$schema": "https://schema.management.azure.com/providers/Microsoft.Logic/schemas/2016-06-01/workflowdefinition.json#",
      "contentVersion": "1.0.0.0",
      "parameters": {
        "$connections": {
          "defaultValue": {},
          "type": "Object"
        },
        "$authentication": {
          "defaultValue": {},
          "type": "SecureObject"
        }
      },
      "triggers": {
        "manual": {
          "metadata": {
            "operationMetadataId": "3d3c6cc7-3f12-491f-9ad4-3d83baeda176"
          },
          "type": "Request",
          "kind": "VirtualAgent",
          "inputs": {
            "schema": {
              "type": "object",
              "properties": {
                "text": {
                  "title": "Classes",
                  "type": "string",
                  "x-ms-dynamically-added": true,
                  "description": "Introduzir os dados introduzidos",
                  "x-ms-content-hint": "TEXT"
                }
              },
              "required": [
                "text"
              ]
            }
          }
        }
      },
      "actions": {
        "ListRowsClasses": {
          "runAfter": {
            "Modality": [
              "Succeeded"
            ]
          },
          "metadata": {
            "operationMetadataId": "cd36132e-f78a-4ec1-b9e1-8f5ea6c6eac7"
          },
          "type": "OpenApiConnection",
          "inputs": {
            "host": {
              "connectionName": "shared_commondataserviceforapps",
              "operationId": "ListRecords",
              "apiId": "/providers/Microsoft.PowerApps/apis/shared_commondataserviceforapps"
            },
            "parameters": {
              "entityName": "cr0ea_classes",
              "$select": "_cr0ea_trainerid_value,cr0ea_classmodality,cr0ea_schedule",
              "$filter": "cr0ea_classmodality eq '@{variables('Split')}' and cr0ea_schedule ge @{utcNow()}"
            },
            "authentication": "@parameters('$authentication')"
          }
        },
        "Trainer": {
          "runAfter": {},
          "metadata": {
            "operationMetadataId": "973524f6-9f66-4f4d-b32a-c4186b5a2bee"
          },
          "type": "InitializeVariable",
          "inputs": {
            "variables": [
              {
                "name": "Trainer",
                "type": "string",
                "value": "@{last(split(triggerBody()['text'], ' '))}"
              }
            ]
          }
        },
        "ListRowsTrainers": {
          "runAfter": {
            "Trainer": [
              "Succeeded"
            ]
          },
          "metadata": {
            "operationMetadataId": "c70d8d81-8a76-4e2d-8d0e-794d1f7c5da0"
          },
          "type": "OpenApiConnection",
          "inputs": {
            "host": {
              "connectionName": "shared_commondataserviceforapps_1",
              "operationId": "ListRecords",
              "apiId": "/providers/Microsoft.PowerApps/apis/shared_commondataserviceforapps"
            },
            "parameters": {
              "entityName": "cr0ea_trainers",
              "$select": "cr0ea_lastname,cr0ea_trainerid",
              "$filter": "cr0ea_lastname eq '@{variables('Trainer')}'"
            },
            "authentication": "@parameters('$authentication')"
          }
        },
        "ApplyTrainner": {
          "foreach": "@outputs('ListRowsTrainers')?['body/value']",
          "actions": {
            "Condition_2": {
              "actions": {
                "Compose": {
                  "runAfter": {},
                  "metadata": {
                    "operationMetadataId": "c6af18a4-f4a4-484a-8fc2-dce039d68fc9"
                  },
                  "type": "Compose",
                  "inputs": "@items('ApplyTrainner')"
                },
                "Set_variable": {
                  "runAfter": {
                    "Parse_JSON": [
                      "Succeeded"
                    ]
                  },
                  "metadata": {
                    "operationMetadataId": "d4f0dd72-ccb7-4a24-bebb-7da8ef9560b6"
                  },
                  "type": "SetVariable",
                  "inputs": {
                    "name": "Trainer",
                    "value": "@body('Parse_JSON')?['cr0ea_trainerid']"
                  }
                },
                "Parse_JSON": {
                  "runAfter": {
                    "Compose": [
                      "Succeeded"
                    ]
                  },
                  "metadata": {
                    "operationMetadataId": "2d5ad940-c931-4a47-9eed-3c5a6bfa2fa1"
                  },
                  "type": "ParseJson",
                  "inputs": {
                    "content": "@outputs('Compose')",
                    "schema": {
                      "type": "object",
                      "properties": {
                        "@@odata.type": {
                          "type": "string"
                        },
                        "@@odata.id": {
                          "type": "string"
                        },
                        "@@odata.etag": {
                          "type": "string"
                        },
                        "@@odata.editLink": {
                          "type": "string"
                        },
                        "_owningbusinessunit_value@OData.Community.Display.V1.FormattedValue": {
                          "type": "string"
                        },
                        "_owningbusinessunit_value@Microsoft.Dynamics.CRM.associatednavigationproperty": {
                          "type": "string"
                        },
                        "_owningbusinessunit_value@Microsoft.Dynamics.CRM.lookuplogicalname": {
                          "type": "string"
                        },
                        "_owningbusinessunit_value@odata.type": {
                          "type": "string"
                        },
                        "_owningbusinessunit_value": {
                          "type": "string"
                        },
                        "cr0ea_lastname": {
                          "type": "string"
                        },
                        "statecode@OData.Community.Display.V1.FormattedValue": {
                          "type": "string"
                        },
                        "statecode": {
                          "type": "integer"
                        },
                        "statuscode@OData.Community.Display.V1.FormattedValue": {
                          "type": "string"
                        },
                        "statuscode": {
                          "type": "integer"
                        },
                        "_createdby_value@OData.Community.Display.V1.FormattedValue": {
                          "type": "string"
                        },
                        "_createdby_value@Microsoft.Dynamics.CRM.lookuplogicalname": {
                          "type": "string"
                        },
                        "_createdby_value@odata.type": {
                          "type": "string"
                        },
                        "_createdby_value": {
                          "type": "string"
                        },
                        "cr0ea_trainerid@odata.type": {
                          "type": "string"
                        },
                        "cr0ea_trainerid": {
                          "type": "string"
                        },
                        "cr0ea_id": {
                          "type": "string"
                        },
                        "cr0ea_firstname": {
                          "type": "string"
                        },
                        "_ownerid_value@OData.Community.Display.V1.FormattedValue": {
                          "type": "string"
                        },
                        "_ownerid_value@Microsoft.Dynamics.CRM.associatednavigationproperty": {
                          "type": "string"
                        },
                        "_ownerid_value@Microsoft.Dynamics.CRM.lookuplogicalname": {
                          "type": "string"
                        },
                        "_ownerid_value@odata.type": {
                          "type": "string"
                        },
                        "_ownerid_value": {
                          "type": "string"
                        },
                        "_modifiedby_value@OData.Community.Display.V1.FormattedValue": {
                          "type": "string"
                        },
                        "_modifiedby_value@Microsoft.Dynamics.CRM.lookuplogicalname": {
                          "type": "string"
                        },
                        "_modifiedby_value@odata.type": {
                          "type": "string"
                        },
                        "_modifiedby_value": {
                          "type": "string"
                        },
                        "_owninguser_value@Microsoft.Dynamics.CRM.lookuplogicalname": {
                          "type": "string"
                        },
                        "_owninguser_value@odata.type": {
                          "type": "string"
                        },
                        "_owninguser_value": {
                          "type": "string"
                        },
                        "createdon@OData.Community.Display.V1.FormattedValue": {
                          "type": "string"
                        },
                        "createdon@odata.type": {
                          "type": "string"
                        },
                        "createdon": {
                          "type": "string"
                        },
                        "cr0ea_modality": {
                          "type": "string"
                        },
                        "versionnumber@OData.Community.Display.V1.FormattedValue": {
                          "type": "string"
                        },
                        "versionnumber@odata.type": {
                          "type": "string"
                        },
                        "versionnumber": {
                          "type": "integer"
                        },
                        "cr0ea_contact": {
                          "type": "string"
                        },
                        "cr0ea_email": {
                          "type": "string"
                        },
                        "modifiedon@OData.Community.Display.V1.FormattedValue": {
                          "type": "string"
                        },
                        "modifiedon@odata.type": {
                          "type": "string"
                        },
                        "modifiedon": {
                          "type": "string"
                        },
                        "cr0ea_address": {
                          "type": "string"
                        },
                        "owningbusinessunit@odata.associationLink": {
                          "type": "string"
                        },
                        "owningbusinessunit@odata.navigationLink": {
                          "type": "string"
                        },
                        "ownerid@odata.associationLink": {
                          "type": "string"
                        },
                        "ownerid@odata.navigationLink": {
                          "type": "string"
                        },
                        "createdby@odata.associationLink": {
                          "type": "string"
                        },
                        "createdby@odata.navigationLink": {
                          "type": "string"
                        },
                        "createdonbehalfby@odata.associationLink": {
                          "type": "string"
                        },
                        "createdonbehalfby@odata.navigationLink": {
                          "type": "string"
                        },
                        "modifiedby@odata.associationLink": {
                          "type": "string"
                        },
                        "modifiedby@odata.navigationLink": {
                          "type": "string"
                        },
                        "modifiedonbehalfby@odata.associationLink": {
                          "type": "string"
                        },
                        "modifiedonbehalfby@odata.navigationLink": {
                          "type": "string"
                        },
                        "owninguser@odata.associationLink": {
                          "type": "string"
                        },
                        "owninguser@odata.navigationLink": {
                          "type": "string"
                        },
                        "owningteam@odata.associationLink": {
                          "type": "string"
                        },
                        "owningteam@odata.navigationLink": {
                          "type": "string"
                        },
                        "cr0ea_trainer_SyncErrors@odata.associationLink": {
                          "type": "string"
                        },
                        "cr0ea_trainer_SyncErrors@odata.navigationLink": {
                          "type": "string"
                        },
                        "cr0ea_trainer_DuplicateMatchingRecord@odata.associationLink": {
                          "type": "string"
                        },
                        "cr0ea_trainer_DuplicateMatchingRecord@odata.navigationLink": {
                          "type": "string"
                        },
                        "cr0ea_trainer_DuplicateBaseRecord@odata.associationLink": {
                          "type": "string"
                        },
                        "cr0ea_trainer_DuplicateBaseRecord@odata.navigationLink": {
                          "type": "string"
                        },
                        "cr0ea_trainer_AsyncOperations@odata.associationLink": {
                          "type": "string"
                        },
                        "cr0ea_trainer_AsyncOperations@odata.navigationLink": {
                          "type": "string"
                        },
                        "cr0ea_trainer_MailboxTrackingFolders@odata.associationLink": {
                          "type": "string"
                        },
                        "cr0ea_trainer_MailboxTrackingFolders@odata.navigationLink": {
                          "type": "string"
                        },
                        "cr0ea_trainer_UserEntityInstanceDatas@odata.associationLink": {
                          "type": "string"
                        },
                        "cr0ea_trainer_UserEntityInstanceDatas@odata.navigationLink": {
                          "type": "string"
                        },
                        "cr0ea_trainer_ProcessSession@odata.associationLink": {
                          "type": "string"
                        },
                        "cr0ea_trainer_ProcessSession@odata.navigationLink": {
                          "type": "string"
                        },
                        "cr0ea_trainer_BulkDeleteFailures@odata.associationLink": {
                          "type": "string"
                        },
                        "cr0ea_trainer_BulkDeleteFailures@odata.navigationLink": {
                          "type": "string"
                        },
                        "cr0ea_trainer_PrincipalObjectAttributeAccesses@odata.associationLink": {
                          "type": "string"
                        },
                        "cr0ea_trainer_PrincipalObjectAttributeAccesses@odata.navigationLink": {
                          "type": "string"
                        },
                        "cr0ea_cr0ea_class_TrainerID_cr0ea_trainer@odata.associationLink": {
                          "type": "string"
                        },
                        "cr0ea_cr0ea_class_TrainerID_cr0ea_trainer@odata.navigationLink": {
                          "type": "string"
                        },
                        "cr0ea_cr0ea_f_gym_TrainerID_cr0ea_trainer@odata.associationLink": {
                          "type": "string"
                        },
                        "cr0ea_cr0ea_f_gym_TrainerID_cr0ea_trainer@odata.navigationLink": {
                          "type": "string"
                        }
                      }
                    }
                  }
                }
              },
              "runAfter": {},
              "expression": {
                "equals": [
                  "@variables('Trainer')",
                  "@items('ApplyTrainner')?['cr0ea_lastname']"
                ]
              },
              "metadata": {
                "operationMetadataId": "ccef4954-9268-46fb-89dc-2bb2a8dcf84a"
              },
              "type": "If"
            }
          },
          "runAfter": {
            "ListRowsTrainers": [
              "Succeeded"
            ]
          },
          "metadata": {
            "operationMetadataId": "5c7dc20a-13e0-4480-83f1-eb7cb7ca81d2"
          },
          "type": "Foreach"
        },
        "Apply_to_each": {
          "foreach": "@outputs('ListRowsClasses')?['body/value']",
          "actions": {
            "Condition": {
              "actions": {
                "Append_to_string_variable": {
                  "runAfter": {},
                  "metadata": {
                    "operationMetadataId": "76f8630e-1045-4d99-bbb1-866bca6f2605"
                  },
                  "type": "AppendToStringVariable",
                  "inputs": {
                    "name": "Schedules",
                    "value": "@items('Apply_to_each')?['cr0ea_schedule']"
                  }
                },
                "Append_to_string_variable_2": {
                  "runAfter": {
                    "Append_to_string_variable": [
                      "Succeeded"
                    ]
                  },
                  "metadata": {
                    "operationMetadataId": "f0cc3dc5-86eb-43fe-a115-da7fbe7138b7"
                  },
                  "type": "AppendToStringVariable",
                  "inputs": {
                    "name": "Schedules",
                    "value": "\n\n\n"
                  }
                }
              },
              "runAfter": {},
              "expression": {
                "equals": [
                  "@items('Apply_to_each')?['_cr0ea_trainerid_value']",
                  "@variables('Trainer')"
                ]
              },
              "metadata": {
                "operationMetadataId": "b056c064-f4ed-4f4c-ae08-3c257620eb97"
              },
              "type": "If"
            }
          },
          "runAfter": {
            "ApplyTrainner": [
              "Succeeded"
            ],
            "Schedules": [
              "Succeeded"
            ]
          },
          "metadata": {
            "operationMetadataId": "e54d1563-684c-4242-8681-69a814799dcb"
          },
          "type": "Foreach"
        },
        "Return_value(s)_to_Power_Virtual_Agents": {
          "runAfter": {
            "OutputVariable": [
              "Succeeded"
            ]
          },
          "metadata": {
            "operationMetadataId": "75e968ff-93ca-4137-88ee-80b2e52a4ba3"
          },
          "type": "Response",
          "kind": "VirtualAgent",
          "inputs": {
            "statusCode": 200,
            "body": {
              "schedules": "@variables('output')"
            },
            "schema": {
              "type": "object",
              "properties": {
                "schedules": {
                  "title": "Schedules",
                  "x-ms-dynamically-added": true,
                  "type": "string"
                }
              }
            }
          }
        },
        "OutputVariable": {
          "runAfter": {
            "Apply_to_each": [
              "Succeeded"
            ]
          },
          "metadata": {
            "operationMetadataId": "52271e1c-6b03-447f-bfdb-b4b1a9c87a0b"
          },
          "type": "InitializeVariable",
          "inputs": {
            "variables": [
              {
                "name": "output",
                "type": "string",
                "value": "@{replace(replace(variables('Schedules'), 'T', ' Hours: '), 'Z', '')}"
              }
            ]
          }
        },
        "Schedules": {
          "runAfter": {
            "ListRowsClasses": [
              "Succeeded"
            ]
          },
          "metadata": {
            "operationMetadataId": "a973ba42-757c-4cb8-b4bc-bddb59de9d46"
          },
          "type": "InitializeVariable",
          "inputs": {
            "variables": [
              {
                "name": "Schedules",
                "type": "string"
              }
            ]
          }
        },
        "Modality": {
          "runAfter": {},
          "metadata": {
            "operationMetadataId": "ed94bd52-5f86-4ae0-8441-60d5cf2d4fa4"
          },
          "type": "InitializeVariable",
          "inputs": {
            "variables": [
              {
                "name": "Split",
                "type": "string",
                "value": "@{first(split(triggerBody()['text'], ' '))}"
              }
            ]
          }
        }
      }
    },
    "templateName": ""
  },
  "schemaVersion": "1.0.0.0"
}