{
  "properties": {
    "connectionReferences": {},
    "definition": {
      "$schema": "https://schema.management.azure.com/providers/Microsoft.Logic/schemas/2016-06-01/workflowdefinition.json#",
      "contentVersion": "1.0.0.0",
      "parameters": {
        "$authentication": {
          "defaultValue": {},
          "type": "SecureObject"
        }
      },
      "triggers": {
        "manual": {
          "metadata": {
            "operationMetadataId": "c3a0a73a-f5c4-4f3d-a5fa-450f1a38ad28"
          },
          "type": "Request",
          "kind": "VirtualAgent",
          "inputs": {
            "schema": {
              "type": "object",
              "properties": {},
              "required": []
            }
          }
        }
      },
      "actions": {
        "Return_value(s)_to_Power_Virtual_Agents": {
          "runAfter": {},
          "metadata": {
            "operationMetadataId": "1ca5771c-c086-459b-9bac-e9bdb6ae7abc"
          },
          "type": "Response",
          "kind": "VirtualAgent",
          "inputs": {
            "statusCode": 200,
            "body": {
              "imagestart": "![Name](https://raw.githubusercontent.com/inesalves44/GymProject/main/images/1.png)",
              "imagerewards": "![Name](https://raw.githubusercontent.com/inesalves44/GymProject/main/images/2.png)",
              "imagebirth": "![Name](https://raw.githubusercontent.com/inesalves44/GymProject/main/images/3.png)"
            },
            "schema": {
              "type": "object",
              "properties": {
                "imagestart": {
                  "title": "imageStart",
                  "x-ms-dynamically-added": true,
                  "type": "string"
                },
                "imagerewards": {
                  "title": "imageRewards",
                  "x-ms-dynamically-added": true,
                  "type": "string"
                },
                "imagebirth": {
                  "title": "imageBirth",
                  "x-ms-dynamically-added": true,
                  "type": "string"
                }
              }
            }
          }
        }
      },
      "outputs": {}
    },
    "templateName": "c9cd2c4e691a4646adc8aa592c88489b"
  },
  "schemaVersion": "1.0.0.0"
}