{
  "properties": {
    "connectionReferences": {
      "shared_commondataserviceforapps": {
        "runtimeSource": "embedded",
        "connection": {
          "connectionReferenceLogicalName": "cr0ea_sharedcommondataserviceforapps_85289"
        },
        "api": {
          "name": "shared_commondataserviceforapps"
        }
      },
      "shared_sharepointonline": {
        "runtimeSource": "embedded",
        "connection": {
          "connectionReferenceLogicalName": "cr0f0_sharedsharepointonline_eeb2e"
        },
        "api": {
          "name": "shared_sharepointonline"
        }
      }
    },
    "definition": {
      "$schema": "https://schema.management.azure.com/providers/Microsoft.Logic/schemas/2016-06-01/workflowdefinition.json#",
      "contentVersion": "1.0.0.0",
      "parameters": {
        "$connections": {
          "defaultValue": {},
          "type": "Object"
        },
        "$authentication": {
          "defaultValue": {},
          "type": "SecureObject"
        }
      },
      "triggers": {
        "manual": {
          "metadata": {
            "operationMetadataId": "32e9a9dd-1700-49da-81b5-62891bb3f298"
          },
          "type": "Request",
          "kind": "VirtualAgent",
          "inputs": {
            "schema": {
              "type": "object",
              "properties": {
                "text": {
                  "title": "StudentName",
                  "type": "string",
                  "x-ms-dynamically-added": true,
                  "description": "Please enter your input",
                  "x-ms-content-hint": "TEXT"
                },
                "text_1": {
                  "title": "StudentEmail",
                  "type": "string",
                  "x-ms-dynamically-added": true,
                  "description": "Please enter your input",
                  "x-ms-content-hint": "TEXT"
                },
                "text_2": {
                  "title": "DateString",
                  "type": "string",
                  "x-ms-dynamically-added": true,
                  "description": "Please enter your input",
                  "x-ms-content-hint": "TEXT"
                }
              },
              "required": [
                "text",
                "text_1",
                "text_2"
              ]
            }
          }
        }
      },
      "actions": {
        "DateVariable": {
          "runAfter": {},
          "metadata": {
            "operationMetadataId": "ed7da162-30c9-4b1f-976c-2a28d37dabc5"
          },
          "type": "InitializeVariable",
          "inputs": {
            "variables": [
              {
                "name": "Date",
                "type": "string"
              }
            ]
          }
        },
        "ChecksIfTodayOrTommorrow": {
          "actions": {
            "Set_variable": {
              "runAfter": {},
              "metadata": {
                "operationMetadataId": "b9259aef-38d7-4d5e-867f-84855ea2d33e"
              },
              "type": "SetVariable",
              "inputs": {
                "name": "Date",
                "value": "@{first(split(utcNow(), 'T'))}"
              }
            }
          },
          "runAfter": {
            "DateVariable": [
              "Succeeded"
            ]
          },
          "else": {
            "actions": {
              "Set_variable_2": {
                "runAfter": {},
                "metadata": {
                  "operationMetadataId": "0900b02f-b7dd-4400-be3a-43aff472df60"
                },
                "type": "SetVariable",
                "inputs": {
                  "name": "Date",
                  "value": "@{formatDateTime(addDays(utcNow(),1),'yyyy-MM-dd')}"
                }
              }
            }
          },
          "expression": {
            "equals": [
              "@triggerBody()['text_2']",
              "Today"
            ]
          },
          "metadata": {
            "operationMetadataId": "e80e3518-0977-4aa0-844f-f650fb5292a3"
          },
          "type": "If"
        },
        "TrainerVariable": {
          "runAfter": {},
          "metadata": {
            "operationMetadataId": "6b019f10-f4b9-4109-99b7-05d78f0e0d5e"
          },
          "type": "InitializeVariable",
          "inputs": {
            "variables": [
              {
                "name": "Trainer",
                "type": "string"
              }
            ]
          }
        },
        "FirstName": {
          "runAfter": {
            "Get_a_row_by_ID": [
              "Succeeded"
            ]
          },
          "metadata": {
            "operationMetadataId": "7242102e-2e51-416b-940d-574777b264e2"
          },
          "type": "InitializeVariable",
          "inputs": {
            "variables": [
              {
                "name": "TrainerFirstName",
                "type": "string",
                "value": "@outputs('Get_a_row_by_ID')?['body/cr0ea_firstname']"
              }
            ]
          }
        },
        "ApplyToClass": {
          "foreach": "@outputs('ListRowsClasses')?['body/value']",
          "actions": {
            "Compose": {
              "runAfter": {},
              "metadata": {
                "operationMetadataId": "93d1f5a1-5744-4a4e-9e88-028ae87fcee2"
              },
              "type": "Compose",
              "inputs": "@items('ApplyToClass')?['cr0ea_schedule']"
            },
            "Condition": {
              "actions": {
                "Set_variable_3": {
                  "runAfter": {},
                  "metadata": {
                    "operationMetadataId": "e57361bd-5104-4379-ab33-b5aa80a2da49"
                  },
                  "type": "SetVariable",
                  "inputs": {
                    "name": "Trainer",
                    "value": "@items('ApplyToClass')?['_cr0ea_trainerid_value']"
                  }
                }
              },
              "runAfter": {
                "Compose": [
                  "Succeeded"
                ]
              },
              "expression": {
                "equals": [
                  "@variables('Date')",
                  "@first(split(outputs('Compose'), 'T'))"
                ]
              },
              "metadata": {
                "operationMetadataId": "b0d4287d-0b7e-4010-a0a1-d8487032d373"
              },
              "type": "If"
            }
          },
          "runAfter": {
            "ChecksIfTodayOrTommorrow": [
              "Succeeded"
            ],
            "ListRowsClasses": [
              "Succeeded"
            ]
          },
          "metadata": {
            "operationMetadataId": "7bb43ed7-b40c-4ebf-a9fc-a671faf68f52"
          },
          "type": "Foreach"
        },
        "Get_a_row_by_ID": {
          "runAfter": {
            "ApplyToClass": [
              "Succeeded"
            ]
          },
          "metadata": {
            "operationMetadataId": "98e7b2a6-3023-406d-9b7b-a14425804ef6"
          },
          "type": "OpenApiConnection",
          "inputs": {
            "host": {
              "connectionName": "shared_commondataserviceforapps",
              "operationId": "GetItem",
              "apiId": "/providers/Microsoft.PowerApps/apis/shared_commondataserviceforapps"
            },
            "parameters": {
              "entityName": "cr0ea_trainers",
              "recordId": "@variables('Trainer')"
            },
            "authentication": "@parameters('$authentication')"
          }
        },
        "LastName": {
          "runAfter": {
            "Get_a_row_by_ID": [
              "Succeeded"
            ]
          },
          "metadata": {
            "operationMetadataId": "0959a92b-2b91-482a-b4e5-c1ce975951c0"
          },
          "type": "InitializeVariable",
          "inputs": {
            "variables": [
              {
                "name": "TrainerLastName",
                "type": "string",
                "value": "@outputs('Get_a_row_by_ID')?['body/cr0ea_lastname']"
              }
            ]
          }
        },
        "SetTrainer": {
          "runAfter": {
            "LastName": [
              "Succeeded"
            ],
            "FirstName": [
              "Succeeded"
            ]
          },
          "metadata": {
            "operationMetadataId": "e25dcb27-175e-4d3b-88e4-2555ec141979"
          },
          "type": "SetVariable",
          "inputs": {
            "name": "Trainer",
            "value": "@{concat(variables('TrainerFirstName'), ' ', variables('TrainerLastName'))}"
          }
        },
        "Return_value(s)_to_Power_Virtual_Agents": {
          "runAfter": {
            "SetTrainer": [
              "Succeeded"
            ]
          },
          "metadata": {
            "operationMetadataId": "457c4743-3645-480e-944b-8bce2e4d8014"
          },
          "type": "Response",
          "kind": "VirtualAgent",
          "inputs": {
            "statusCode": 200,
            "body": {
              "trainer": "@variables('Trainer')"
            },
            "schema": {
              "type": "object",
              "properties": {
                "trainer": {
                  "title": "Trainer",
                  "x-ms-dynamically-added": true,
                  "type": "string"
                }
              }
            }
          }
        },
        "Create_item": {
          "runAfter": {
            "SetTrainer": [
              "Succeeded"
            ]
          },
          "metadata": {
            "operationMetadataId": "5dcafdee-d63b-406e-be29-66569efd2710"
          },
          "type": "OpenApiConnection",
          "inputs": {
            "host": {
              "connectionName": "shared_sharepointonline",
              "operationId": "PostItem",
              "apiId": "/providers/Microsoft.PowerApps/apis/shared_sharepointonline"
            },
            "parameters": {
              "dataset": "https://bsdesigner.sharepoint.com/sites/PowerLift",
              "table": "6dc7fd31-325b-4aa2-9b94-7cfc10c4fcca",
              "item/StudentName": "@triggerBody()['text']",
              "item/StudentEmail": "@triggerBody()['text_1']",
              "item/PTScheduled": "@variables('Trainer')",
              "item/TimeScheduled": "@variables('Date')"
            },
            "authentication": "@parameters('$authentication')"
          }
        },
        "ListRowsClasses": {
          "runAfter": {
            "TrainerVariable": [
              "Succeeded"
            ]
          },
          "metadata": {
            "operationMetadataId": "477157a9-a053-4ceb-a25e-d5fea280d7af"
          },
          "type": "OpenApiConnection",
          "inputs": {
            "host": {
              "connectionName": "shared_commondataserviceforapps",
              "operationId": "ListRecords",
              "apiId": "/providers/Microsoft.PowerApps/apis/shared_commondataserviceforapps"
            },
            "parameters": {
              "entityName": "cr0ea_classes",
              "$select": "_cr0ea_trainerid_value,cr0ea_classmodality,cr0ea_schedule",
              "$filter": "cr0ea_classmodality eq 'Gym' and cr0ea_schedule ge @{first(split(utcNow(), 'T'))} and cr0ea_schedule le @{formatDateTime(addDays(utcNow(),1),'yyyy-MM-dd')}"
            },
            "authentication": "@parameters('$authentication')"
          }
        }
      },
      "outputs": {}
    },
    "templateName": "c9cd2c4e691a4646adc8aa592c88489b"
  },
  "schemaVersion": "1.0.0.0"
}