{"name":"7f0c5e92-630d-4e13-91d8-c1412d8e19d0","id":"/providers/Microsoft.Flow/flows/7f0c5e92-630d-4e13-91d8-c1412d8e19d0","type":"Microsoft.Flow/flows","properties":{"apiId":"/providers/Microsoft.PowerApps/apis/shared_logicflows","displayName":"SendEmailCongratsToUser","definition":{"metadata":{"workflowEntityId":null,"processAdvisorMetadata":null,"flowChargedByPaygo":null,"flowclientsuspensionreason":"None","flowclientsuspensiontime":null,"flowclientsuspensionreasondetails":null,"creator":{"id":"01dff5a4-5341-4616-84ab-81072dd91f99","type":"User","tenantId":"92742eae-a119-43fb-a956-d7def744881a"},"provisioningMethod":"FromDefinition","failureAlertSubscription":true,"clientLastModifiedTime":"2023-10-18T14:51:04.4481778Z"},"$schema":"https://schema.management.azure.com/providers/Microsoft.Logic/schemas/2016-06-01/workflowdefinition.json#","contentVersion":"1.0.0.0","parameters":{"$connections":{"defaultValue":{},"type":"Object"},"$authentication":{"defaultValue":{},"type":"SecureObject"}},"triggers":{"When_a_row_is_added,_modified_or_deleted":{"metadata":{"operationMetadataId":"65861aac-6b88-4229-8177-742412ab0d84"},"type":"OpenApiConnectionWebhook","inputs":{"host":{"apiId":"/providers/Microsoft.PowerApps/apis/shared_commondataserviceforapps","connectionName":"shared_commondataserviceforapps","operationId":"SubscribeWebhookTrigger"},"parameters":{"subscriptionRequest/message":4,"subscriptionRequest/entityname":"cr0ea_students","subscriptionRequest/scope":1},"authentication":"@parameters('$authentication')"}}},"actions":{"Condition":{"actions":{"Send_an_email_(V2)":{"runAfter":{},"metadata":{"operationMetadataId":"8e25cbb8-c60b-4a71-94ef-f275069798ad"},"type":"OpenApiConnection","inputs":{"host":{"apiId":"/providers/Microsoft.PowerApps/apis/shared_office365","connectionName":"shared_office365","operationId":"SendEmailV2"},"parameters":{"emailMessage/To":"@triggerOutputs()?['body/cr0ea_email']","emailMessage/Subject":"Congrats!","emailMessage/Body":"<p>Hello, @{triggerOutputs()?['body/cr0ea_firstname']} @{triggerOutputs()?['body/cr0ea_lastname']}<br>\n<br>\nYou have reached 100 consecutive days in the Gym!! <br>\n<br>\nAmazing work. <br>\n<br>\nThanks for being a part of our big family.</p>","emailMessage/Importance":"Normal"},"authentication":"@parameters('$authentication')"}}},"runAfter":{},"expression":{"equals":["@triggerOutputs()?['body/cr0ea_daycount']",100]},"metadata":{"operationMetadataId":"0732fea0-5614-4436-994e-49c736b12aa0"},"type":"If"}}},"connectionReferences":{"shared_office365":{"connectionName":"shared-office365-915a689c-b99b-4127-94fb-41ed453b44db","source":"Embedded","id":"/providers/Microsoft.PowerApps/apis/shared_office365","tier":"NotSpecified"},"shared_commondataserviceforapps":{"connectionName":"shared-commondataser-fc10f42b-84e3-45fa-bcec-c1ed115e58f7","source":"Embedded","id":"/providers/Microsoft.PowerApps/apis/shared_commondataserviceforapps","tier":"NotSpecified"}},"flowFailureAlertSubscribed":false,"isManaged":false}}