{"name":"478547b2-7d62-4cf3-8c8f-3601c9636ebb","id":"/providers/Microsoft.Flow/flows/478547b2-7d62-4cf3-8c8f-3601c9636ebb","type":"Microsoft.Flow/flows","properties":{"apiId":"/providers/Microsoft.PowerApps/apis/shared_logicflows","displayName":"CheckHashPassword","definition":{"metadata":{"workflowEntityId":null,"processAdvisorMetadata":null,"flowChargedByPaygo":null,"flowclientsuspensionreason":"None","flowclientsuspensiontime":null,"flowclientsuspensionreasondetails":null,"creator":{"id":"01dff5a4-5341-4616-84ab-81072dd91f99","type":"User","tenantId":"92742eae-a119-43fb-a956-d7def744881a"},"provisioningMethod":"FromDefinition","failureAlertSubscription":true,"clientLastModifiedTime":"2023-10-19T17:15:03.8241039Z"},"$schema":"https://schema.management.azure.com/providers/Microsoft.Logic/schemas/2016-06-01/workflowdefinition.json#","contentVersion":"1.0.0.0","parameters":{"$connections":{"defaultValue":{},"type":"Object"},"$authentication":{"defaultValue":{},"type":"SecureObject"}},"triggers":{"manual":{"metadata":{"operationMetadataId":"b6e4cb08-9b32-4783-b80b-4c0fe61fe0a6"},"type":"Request","kind":"PowerAppV2","inputs":{"schema":{"type":"object","properties":{"text":{"title":"user","type":"string","x-ms-dynamically-added":true,"description":"Please enter your input","x-ms-content-hint":"TEXT"},"text_1":{"title":"pass","type":"string","x-ms-dynamically-added":true,"description":"Please enter your input","x-ms-content-hint":"TEXT"}},"required":["text","text_1"]}}}},"actions":{"List_rows":{"runAfter":{},"metadata":{"operationMetadataId":"53acb327-6908-4114-87e3-12e9a4eefabb"},"type":"OpenApiConnection","inputs":{"host":{"apiId":"/providers/Microsoft.PowerApps/apis/shared_commondataserviceforapps","connectionName":"shared_commondataserviceforapps","operationId":"ListRecords"},"parameters":{"entityName":"cr0ea_loginalunoses"},"authentication":"@parameters('$authentication')"}},"HTTP":{"runAfter":{},"metadata":{"operationMetadataId":"bef74dc5-15b5-43fc-b5ff-52010fedef57"},"type":"Http","inputs":{"method":"GET","uri":"https://api.hashify.net/hash/md5/hex?value=@{triggerBody()['text_1']}"}},"Initialize_variable":{"runAfter":{"List_rows":["Succeeded"]},"metadata":{"operationMetadataId":"8204e0ca-a8b5-464d-a1d8-fd4568629865"},"type":"InitializeVariable","inputs":{"variables":[{"name":"check","type":"string","value":"FALSE"}]}},"Parse_JSON":{"runAfter":{"HTTP":["Succeeded"]},"metadata":{"operationMetadataId":"2eb454a3-e97b-4990-9c12-68aa0e4158e9"},"type":"ParseJson","inputs":{"content":"@body('HTTP')","schema":{"type":"object","properties":{"Digest":{"type":"string"},"DigestEnc":{"type":"string"},"Type":{"type":"string"},"Key":{"type":"string"}}}}},"Compose":{"runAfter":{"Parse_JSON":["Succeeded"]},"metadata":{"operationMetadataId":"d720a5b5-0db8-41ec-a877-f09e9aa06a1d"},"type":"Compose","inputs":"@body('Parse_JSON')?['Digest']"},"Apply_to_each":{"foreach":"@outputs('List_rows')?['body/value']","actions":{"Condition":{"actions":{"Set_variable":{"runAfter":{},"metadata":{"operationMetadataId":"fbb2da3d-ed51-4702-bf5b-23b426f126bd"},"type":"SetVariable","inputs":{"name":"check","value":"TRUE"}}},"runAfter":{},"expression":{"and":[{"equals":["@triggerBody()['text']","@items('Apply_to_each')?['cr0ea_id']"]},{"equals":["@outputs('Compose')","@items('Apply_to_each')?['cr0ea_password']"]}]},"metadata":{"operationMetadataId":"66a4e3ac-14f2-45c9-8e1d-c1a203dede63"},"type":"If"}},"runAfter":{"Compose":["Succeeded"],"Initialize_variable":["Succeeded"]},"metadata":{"operationMetadataId":"6f46074e-f41b-4aa2-a470-a0d39b893369"},"type":"Foreach"},"Respond_to_a_PowerApp_or_flow":{"runAfter":{"Apply_to_each":["Succeeded"]},"metadata":{"operationMetadataId":"56001790-05ee-4d5d-8929-5bcf16a3d64e"},"type":"Response","kind":"PowerApp","inputs":{"statusCode":200,"body":{"value":"@variables('check')"},"schema":{"type":"object","properties":{"value":{"title":"value","x-ms-dynamically-added":true,"type":"string"}}}}}}},"connectionReferences":{"shared_commondataserviceforapps":{"connectionName":"shared-commondataser-fc10f42b-84e3-45fa-bcec-c1ed115e58f7","source":"Embedded","id":"/providers/Microsoft.PowerApps/apis/shared_commondataserviceforapps","tier":"NotSpecified"}},"flowFailureAlertSubscribed":false,"isManaged":false}}