{"name":"25165130-2c12-44e1-8fb1-47203ccdd95e","id":"/providers/Microsoft.Flow/flows/25165130-2c12-44e1-8fb1-47203ccdd95e","type":"Microsoft.Flow/flows","properties":{"apiId":"/providers/Microsoft.PowerApps/apis/shared_logicflows","displayName":"CreateHashPassword","definition":{"metadata":{"workflowEntityId":null,"processAdvisorMetadata":null,"flowChargedByPaygo":null,"flowclientsuspensionreason":"None","flowclientsuspensiontime":null,"flowclientsuspensionreasondetails":null,"creator":{"id":"01dff5a4-5341-4616-84ab-81072dd91f99","type":"User","tenantId":"92742eae-a119-43fb-a956-d7def744881a"},"provisioningMethod":"FromDefinition","failureAlertSubscription":true,"clientLastModifiedTime":"2023-10-19T14:51:10.9225654Z"},"$schema":"https://schema.management.azure.com/providers/Microsoft.Logic/schemas/2016-06-01/workflowdefinition.json#","contentVersion":"1.0.0.0","parameters":{"$authentication":{"defaultValue":{},"type":"SecureObject"}},"triggers":{"manual":{"metadata":{"operationMetadataId":"3abadb49-04e8-4817-b57b-d5ef5cb324ab"},"type":"Request","kind":"PowerAppV2","inputs":{"schema":{"type":"object","properties":{"text":{"title":"pass","type":"string","x-ms-dynamically-added":true,"description":"Please enter your input","x-ms-content-hint":"TEXT"}},"required":["text"]}}}},"actions":{"HTTP":{"runAfter":{},"metadata":{"operationMetadataId":"e6708ca8-54cb-4024-9658-0a41198e7cc1"},"type":"Http","inputs":{"method":"GET","uri":"https://api.hashify.net/hash/md5/hex?value=@{triggerBody()['text']}"}},"Parse_JSON":{"runAfter":{"HTTP":["Succeeded"]},"metadata":{"operationMetadataId":"4feaf71a-4764-4869-aa81-7eb301638a5c"},"type":"ParseJson","inputs":{"content":"@body('HTTP')","schema":{"type":"object","properties":{"Digest":{"type":"string"},"DigestEnc":{"type":"string"},"Type":{"type":"string"},"Key":{"type":"string"}}}}},"Compose":{"runAfter":{"Parse_JSON":["Succeeded"]},"metadata":{"operationMetadataId":"296db91a-bf95-456a-8c49-0626fed963ff"},"type":"Compose","inputs":"@body('Parse_JSON')?['Digest']"},"Respond_to_a_PowerApp_or_flow":{"runAfter":{"Compose":["Succeeded"]},"metadata":{"operationMetadataId":"ddac2414-5d83-4110-8b0b-e6474de4d50b"},"type":"Response","kind":"PowerApp","inputs":{"statusCode":200,"body":{"md5":"@{outputs('Compose')}"},"schema":{"type":"object","properties":{"md5":{"title":"md5","x-ms-dynamically-added":true,"type":"string"}}}}}}},"connectionReferences":{},"flowFailureAlertSubscribed":false,"isManaged":false}}