{"name":"4d55aa59-4cb3-4218-9f7a-f93b58561318","id":"/providers/Microsoft.Flow/flows/4d55aa59-4cb3-4218-9f7a-f93b58561318","type":"Microsoft.Flow/flows","properties":{"apiId":"/providers/Microsoft.PowerApps/apis/shared_logicflows","displayName":"SendRemainderEmail","definition":{"metadata":{"workflowEntityId":null,"processAdvisorMetadata":null,"flowChargedByPaygo":null,"flowclientsuspensionreason":"None","flowclientsuspensiontime":null,"flowclientsuspensionreasondetails":null,"creator":{"id":"01dff5a4-5341-4616-84ab-81072dd91f99","type":"User","tenantId":"92742eae-a119-43fb-a956-d7def744881a"},"provisioningMethod":"FromDefinition","failureAlertSubscription":true,"clientLastModifiedTime":"2023-10-19T18:34:12.0690867Z"},"$schema":"https://schema.management.azure.com/providers/Microsoft.Logic/schemas/2016-06-01/workflowdefinition.json#","contentVersion":"1.0.0.0","parameters":{"$connections":{"defaultValue":{},"type":"Object"},"$authentication":{"defaultValue":{},"type":"SecureObject"}},"triggers":{"Recurrence":{"recurrence":{"frequency":"Day","interval":1,"startTime":"2023-10-17T09:00:00.000Z"},"metadata":{"operationMetadataId":"bef5fe25-b6ee-4cce-9cc9-a4843f501656"},"type":"Recurrence"}},"actions":{"List_rows":{"runAfter":{},"metadata":{"operationMetadataId":"6c1f8e05-5e34-43c9-8d04-2eca1b80a556"},"type":"OpenApiConnection","inputs":{"host":{"apiId":"/providers/Microsoft.PowerApps/apis/shared_commondataserviceforapps","connectionName":"shared_commondataserviceforapps","operationId":"ListRecords"},"parameters":{"entityName":"cr0ea_studentses"},"authentication":"@parameters('$authentication')"}},"Apply_to_each":{"foreach":"@outputs('List_rows')?['body/value']","actions":{"Compose":{"runAfter":{},"metadata":{"operationMetadataId":"b4c85d39-0bb8-4636-9019-929ed43a27e5"},"type":"Compose","inputs":"@items('Apply_to_each')?['cr0ea_lastlogin']"},"Condition":{"actions":{"Send_an_email_(V2)":{"runAfter":{},"metadata":{"operationMetadataId":"4d158f78-d9ac-48dc-afdd-96db822916aa"},"type":"OpenApiConnection","inputs":{"host":{"apiId":"/providers/Microsoft.PowerApps/apis/shared_office365","connectionName":"shared_office365","operationId":"SendEmailV2"},"parameters":{"emailMessage/To":"@items('Apply_to_each')?['cr0ea_email']","emailMessage/Subject":"Lazyness","emailMessage/Body":"<p>Hello @{items('Apply_to_each')?['cr0ea_firstname']} @{items('Apply_to_each')?['cr0ea_lastname']},<br>\n<br>\nYou have failed the gym two times in a row.<br>\n<br>\nWhat a disgrace!</p>","emailMessage/Importance":"Normal"},"authentication":"@parameters('$authentication')"}}},"runAfter":{"Compose":["Succeeded"]},"expression":{"greater":["@sub(div(ticks(utcNow()), 864000000000), div(ticks(outputs('Compose')), 864000000000))",2]},"metadata":{"operationMetadataId":"436bd3a1-c50e-4528-8fe7-822e9b3c89b4"},"type":"If","description":"sub(div(ticks(utcNow()), 864000000000), div(ticks(outputs('Compose')), 864000000000))"}},"runAfter":{"List_rows":["Succeeded"]},"metadata":{"operationMetadataId":"7d0790b2-c801-4064-85a6-5c391cd090ea"},"type":"Foreach"}}},"connectionReferences":{"shared_commondataserviceforapps":{"connectionName":"shared-commondataser-fc10f42b-84e3-45fa-bcec-c1ed115e58f7","source":"Embedded","id":"/providers/Microsoft.PowerApps/apis/shared_commondataserviceforapps","tier":"NotSpecified"},"shared_office365":{"connectionName":"shared-office365-915a689c-b99b-4127-94fb-41ed453b44db","source":"Embedded","id":"/providers/Microsoft.PowerApps/apis/shared_office365","tier":"NotSpecified"}},"flowFailureAlertSubscribed":false,"isManaged":false}}