<ImportExportXml version="9.2.23104.240" SolutionPackageVersion="9.2" languagecode="2070" generatedBy="CrmLive" xmlns:xsi="http://www.w3.org/2001/XMLSchema-instance">
  <SolutionManifest>
    <UniqueName>PowerLiftChatBot</UniqueName>
    <LocalizedNames>
      <LocalizedName description="PowerLiftChatBot" languagecode="1033" />
      <LocalizedName description="PowerLiftChatBot" languagecode="2070" />
    </LocalizedNames>
    <Descriptions />
    <Version>1.0.0.5</Version>
    <Managed>0</Managed>
    <Publisher>
      <UniqueName>Crff3ae</UniqueName>
      <LocalizedNames>
        <LocalizedName description="CDS Default Publisher" languagecode="1033" />
        <LocalizedName description="CDS Default Publisher" languagecode="2070" />
      </LocalizedNames>
      <Descriptions />
      <EMailAddress xsi:nil="true"></EMailAddress>
      <SupportingWebsiteUrl xsi:nil="true"></SupportingWebsiteUrl>
      <CustomizationPrefix>cr0f0</CustomizationPrefix>
      <CustomizationOptionValuePrefix>58538</CustomizationOptionValuePrefix>
      <Addresses>
        <Address>
          <AddressNumber>1</AddressNumber>
          <AddressTypeCode xsi:nil="true"></AddressTypeCode>
          <City xsi:nil="true"></City>
          <County xsi:nil="true"></County>
          <Country xsi:nil="true"></Country>
          <Fax xsi:nil="true"></Fax>
          <FreightTermsCode xsi:nil="true"></FreightTermsCode>
          <ImportSequenceNumber xsi:nil="true"></ImportSequenceNumber>
          <Latitude xsi:nil="true"></Latitude>
          <Line1 xsi:nil="true"></Line1>
          <Line2 xsi:nil="true"></Line2>
          <Line3 xsi:nil="true"></Line3>
          <Longitude xsi:nil="true"></Longitude>
          <Name xsi:nil="true"></Name>
          <PostalCode xsi:nil="true"></PostalCode>
          <PostOfficeBox xsi:nil="true"></PostOfficeBox>
          <PrimaryContactName xsi:nil="true"></PrimaryContactName>
          <ShippingMethodCode xsi:nil="true"></ShippingMethodCode>
          <StateOrProvince xsi:nil="true"></StateOrProvince>
          <Telephone1 xsi:nil="true"></Telephone1>
          <Telephone2 xsi:nil="true"></Telephone2>
          <Telephone3 xsi:nil="true"></Telephone3>
          <TimeZoneRuleVersionNumber xsi:nil="true"></TimeZoneRuleVersionNumber>
          <UPSZone xsi:nil="true"></UPSZone>
          <UTCOffset xsi:nil="true"></UTCOffset>
          <UTCConversionTimeZoneCode xsi:nil="true"></UTCConversionTimeZoneCode>
        </Address>
        <Address>
          <AddressNumber>2</AddressNumber>
          <AddressTypeCode xsi:nil="true"></AddressTypeCode>
          <City xsi:nil="true"></City>
          <County xsi:nil="true"></County>
          <Country xsi:nil="true"></Country>
          <Fax xsi:nil="true"></Fax>
          <FreightTermsCode xsi:nil="true"></FreightTermsCode>
          <ImportSequenceNumber xsi:nil="true"></ImportSequenceNumber>
          <Latitude xsi:nil="true"></Latitude>
          <Line1 xsi:nil="true"></Line1>
          <Line2 xsi:nil="true"></Line2>
          <Line3 xsi:nil="true"></Line3>
          <Longitude xsi:nil="true"></Longitude>
          <Name xsi:nil="true"></Name>
          <PostalCode xsi:nil="true"></PostalCode>
          <PostOfficeBox xsi:nil="true"></PostOfficeBox>
          <PrimaryContactName xsi:nil="true"></PrimaryContactName>
          <ShippingMethodCode xsi:nil="true"></ShippingMethodCode>
          <StateOrProvince xsi:nil="true"></StateOrProvince>
          <Telephone1 xsi:nil="true"></Telephone1>
          <Telephone2 xsi:nil="true"></Telephone2>
          <Telephone3 xsi:nil="true"></Telephone3>
          <TimeZoneRuleVersionNumber xsi:nil="true"></TimeZoneRuleVersionNumber>
          <UPSZone xsi:nil="true"></UPSZone>
          <UTCOffset xsi:nil="true"></UTCOffset>
          <UTCConversionTimeZoneCode xsi:nil="true"></UTCConversionTimeZoneCode>
        </Address>
      </Addresses>
    </Publisher>
    <RootComponents>
      <RootComponent type="29" id="{2299f2c8-3682-ee11-8179-0022489bae2a}" behavior="0" />
      <RootComponent type="29" id="{3f95dbb2-bf83-ee11-8179-0022489bae2a}" behavior="0" />
      <RootComponent type="29" id="{52f1b7d5-0a83-ee11-8179-0022489bae2a}" behavior="0" />
      <RootComponent type="29" id="{614acb1c-0783-ee11-8179-0022489bae2a}" behavior="0" />
      <RootComponent type="29" id="{ce44e50b-1982-ee11-8179-0022489bae2a}" behavior="0" />
      <RootComponent type="29" id="{d1c000b6-af8a-ee11-8179-0022489bae2a}" behavior="0" />
      <RootComponent type="29" id="{d1f76845-db8a-ee11-8179-0022489bae2a}" behavior="0" />
      <RootComponent type="29" id="{e490e8ec-b687-ee11-8179-0022489bae2a}" behavior="0" />
    </RootComponents>
    <MissingDependencies>
      <MissingDependency>
        <Required type="1" schemaName="cr0ea_class" displayName="Class" solution="Active" />
        <Dependent type="29" displayName="SchedulePT" id="{2299f2c8-3682-ee11-8179-0022489bae2a}" />
      </MissingDependency>
      <MissingDependency>
        <Required type="1" schemaName="cr0ea_class" displayName="Class" solution="Active" />
        <Dependent type="29" displayName="ClassesSchedules" id="{ce44e50b-1982-ee11-8179-0022489bae2a}" />
      </MissingDependency>
      <MissingDependency>
        <Required type="1" schemaName="cr0ea_students" displayName="Students" solution="Active" />
        <Dependent type="29" displayName="Join the Family" id="{3f95dbb2-bf83-ee11-8179-0022489bae2a}" />
      </MissingDependency>
      <MissingDependency>
        <Required type="1" schemaName="cr0ea_trainer" displayName="Trainer" solution="Active" />
        <Dependent type="29" displayName="SchedulePT" id="{2299f2c8-3682-ee11-8179-0022489bae2a}" />
      </MissingDependency>
      <MissingDependency>
        <Required type="1" schemaName="cr0ea_trainer" displayName="Trainer" solution="Active" />
        <Dependent type="29" displayName="ClassesSchedules" id="{ce44e50b-1982-ee11-8179-0022489bae2a}" />
      </MissingDependency>
      <MissingDependency>
        <Required type="connectionreference" displayName="cr0ea_sharedcommondataserviceforapps_85289" solution="Active" id.connectionreferencelogicalname="cr0ea_sharedcommondataserviceforapps_85289" />
        <Dependent type="29" displayName="SchedulePT" id="{2299f2c8-3682-ee11-8179-0022489bae2a}" />
      </MissingDependency>
      <MissingDependency>
        <Required type="connectionreference" displayName="cr0ea_sharedcommondataserviceforapps_85289" solution="Active" id.connectionreferencelogicalname="cr0ea_sharedcommondataserviceforapps_85289" />
        <Dependent type="29" displayName="Join the Family" id="{3f95dbb2-bf83-ee11-8179-0022489bae2a}" />
      </MissingDependency>
      <MissingDependency>
        <Required type="connectionreference" displayName="cr0ea_sharedcommondataserviceforapps_85289" solution="Active" id.connectionreferencelogicalname="cr0ea_sharedcommondataserviceforapps_85289" />
        <Dependent type="29" displayName="ClassesSchedules" id="{ce44e50b-1982-ee11-8179-0022489bae2a}" />
      </MissingDependency>
      <MissingDependency>
        <Required type="connectionreference" displayName="cr0ea_sharedoffice365_381cd" solution="Active" id.connectionreferencelogicalname="cr0ea_sharedoffice365_381cd" />
        <Dependent type="29" displayName="Orders" id="{d1c000b6-af8a-ee11-8179-0022489bae2a}" />
      </MissingDependency>
    </MissingDependencies>
  </SolutionManifest>
</ImportExportXml>