{
  "properties": {
    "connectionReferences": {
      "shared_sharepointonline": {
        "runtimeSource": "embedded",
        "connection": {
          "connectionReferenceLogicalName": "cr0f0_sharedsharepointonline_eeb2e"
        },
        "api": {
          "name": "shared_sharepointonline"
        }
      },
      "shared_office365": {
        "runtimeSource": "embedded",
        "connection": {
          "connectionReferenceLogicalName": "cr0ea_sharedoffice365_381cd"
        },
        "api": {
          "name": "shared_office365"
        }
      }
    },
    "definition": {
      "$schema": "https://schema.management.azure.com/providers/Microsoft.Logic/schemas/2016-06-01/workflowdefinition.json#",
      "contentVersion": "1.0.0.0",
      "parameters": {
        "$connections": {
          "defaultValue": {},
          "type": "Object"
        },
        "$authentication": {
          "defaultValue": {},
          "type": "SecureObject"
        }
      },
      "triggers": {
        "manual": {
          "metadata": {
            "operationMetadataId": "d06cc83d-5159-47e0-af41-474156072d8f"
          },
          "type": "Request",
          "kind": "VirtualAgent",
          "inputs": {
            "schema": {
              "type": "object",
              "properties": {
                "text": {
                  "title": "Name",
                  "type": "string",
                  "x-ms-dynamically-added": true,
                  "description": "Please enter your input",
                  "x-ms-content-hint": "TEXT"
                },
                "text_1": {
                  "title": "Email",
                  "type": "string",
                  "x-ms-dynamically-added": true,
                  "description": "Please enter your input",
                  "x-ms-content-hint": "TEXT"
                },
                "text_2": {
                  "title": "PhoneNumber",
                  "type": "string",
                  "x-ms-dynamically-added": true,
                  "description": "Please enter your input",
                  "x-ms-content-hint": "TEXT"
                },
                "text_3": {
                  "title": "Address",
                  "type": "string",
                  "x-ms-dynamically-added": true,
                  "description": "Please enter your input",
                  "x-ms-content-hint": "TEXT"
                },
                "text_4": {
                  "title": "Suplements",
                  "type": "string",
                  "x-ms-dynamically-added": true,
                  "description": "Please enter your input",
                  "x-ms-content-hint": "TEXT"
                }
              },
              "required": [
                "text",
                "text_1",
                "text_2",
                "text_3",
                "text_4"
              ]
            }
          }
        }
      },
      "actions": {
        "Return_value(s)_to_Power_Virtual_Agents": {
          "runAfter": {
            "Send_an_email_(V2)": [
              "Succeeded"
            ]
          },
          "metadata": {
            "operationMetadataId": "1f52aabe-cfc2-4239-afad-894ed770b546"
          },
          "type": "Response",
          "kind": "VirtualAgent",
          "inputs": {
            "statusCode": 200,
            "body": {
              "orderid": "@{concat(formatDateTime(utcNow(),'yyyy'),'-',string(variables('counter')))}"
            },
            "schema": {
              "type": "object",
              "properties": {
                "orderid": {
                  "title": "OrderID",
                  "x-ms-dynamically-added": true,
                  "type": "string"
                }
              }
            }
          }
        },
        "Get_items": {
          "runAfter": {},
          "metadata": {
            "operationMetadataId": "c4b5e1b2-1ff2-433a-a9a6-b5cdab0d90ec"
          },
          "type": "OpenApiConnection",
          "inputs": {
            "host": {
              "connectionName": "shared_sharepointonline",
              "operationId": "GetItems",
              "apiId": "/providers/Microsoft.PowerApps/apis/shared_sharepointonline"
            },
            "parameters": {
              "dataset": "https://bsdesigner.sharepoint.com/sites/PowerLift",
              "table": "7e52a303-a9f8-4cba-a6f1-f6b963d68731"
            },
            "authentication": "@parameters('$authentication')"
          }
        },
        "Initialize_variable": {
          "runAfter": {
            "Get_items": [
              "Succeeded"
            ]
          },
          "metadata": {
            "operationMetadataId": "2e3b1441-b06d-47e3-bbc4-2fef22065bbc"
          },
          "type": "InitializeVariable",
          "inputs": {
            "variables": [
              {
                "name": "counter",
                "type": "integer",
                "value": 1
              }
            ]
          }
        },
        "Apply_to_each": {
          "foreach": "@outputs('Get_items')?['body/value']",
          "actions": {
            "Increment_variable": {
              "runAfter": {},
              "metadata": {
                "operationMetadataId": "e679bfdf-8bd0-4897-87dc-e5c25cda8bd8"
              },
              "type": "IncrementVariable",
              "inputs": {
                "name": "counter",
                "value": 1
              }
            }
          },
          "runAfter": {
            "Initialize_variable": [
              "Succeeded"
            ]
          },
          "metadata": {
            "operationMetadataId": "96b34447-1281-4779-8147-74ed001f2390"
          },
          "type": "Foreach"
        },
        "Switch": {
          "runAfter": {
            "Apply_to_each": [
              "Succeeded"
            ]
          },
          "cases": {
            "Case": {
              "case": "Whey Protein",
              "actions": {
                "Create_item": {
                  "runAfter": {},
                  "metadata": {
                    "operationMetadataId": "ca8d670d-fcc4-4887-a44a-f489aca7ed41"
                  },
                  "type": "OpenApiConnection",
                  "inputs": {
                    "host": {
                      "connectionName": "shared_sharepointonline",
                      "operationId": "PostItem",
                      "apiId": "/providers/Microsoft.PowerApps/apis/shared_sharepointonline"
                    },
                    "parameters": {
                      "dataset": "https://bsdesigner.sharepoint.com/sites/PowerLift",
                      "table": "7e52a303-a9f8-4cba-a6f1-f6b963d68731",
                      "item/GenNumber": "@concat(formatDateTime(utcNow(),'yyyy'),'-',string(variables('counter')))",
                      "item/Name": "@triggerBody()['text']",
                      "item/Email": "@triggerBody()['text_1']",
                      "item/PhoneNumber": "@triggerBody()['text_2']",
                      "item/Address": "@triggerBody()['text_3']",
                      "item/Supplements": [
                        {
                          "Value": "Whey Protein"
                        }
                      ],
                      "item/OrderStatus/Value": "Waiting for Approval"
                    },
                    "authentication": "@parameters('$authentication')"
                  }
                }
              }
            },
            "Case_2": {
              "case": "Vegan Protein (NEW)",
              "actions": {
                "Create_item_2": {
                  "runAfter": {},
                  "metadata": {
                    "operationMetadataId": "40dcb6f1-375d-4d27-bc81-e1617fb10cd5"
                  },
                  "type": "OpenApiConnection",
                  "inputs": {
                    "host": {
                      "connectionName": "shared_sharepointonline",
                      "operationId": "PostItem",
                      "apiId": "/providers/Microsoft.PowerApps/apis/shared_sharepointonline"
                    },
                    "parameters": {
                      "dataset": "https://bsdesigner.sharepoint.com/sites/PowerLift",
                      "table": "7e52a303-a9f8-4cba-a6f1-f6b963d68731",
                      "item/GenNumber": "@concat(formatDateTime(utcNow(),'yyyy'),'-',string(variables('counter')))",
                      "item/Name": "@triggerBody()['text']",
                      "item/Email": "@triggerBody()['text_1']",
                      "item/PhoneNumber": "@triggerBody()['text_2']",
                      "item/Address": "@triggerBody()['text_3']",
                      "item/Supplements": [
                        {
                          "Value": "Vegan Protein (NEW)"
                        }
                      ],
                      "item/OrderStatus/Value": "Waiting for Approval"
                    },
                    "authentication": "@parameters('$authentication')"
                  }
                }
              }
            },
            "Case_3": {
              "case": "Creatine (NEW)",
              "actions": {
                "Create_item_3": {
                  "runAfter": {},
                  "metadata": {
                    "operationMetadataId": "61664929-8af9-4682-81c4-7aaa52d6d61e"
                  },
                  "type": "OpenApiConnection",
                  "inputs": {
                    "host": {
                      "connectionName": "shared_sharepointonline",
                      "operationId": "PostItem",
                      "apiId": "/providers/Microsoft.PowerApps/apis/shared_sharepointonline"
                    },
                    "parameters": {
                      "dataset": "https://bsdesigner.sharepoint.com/sites/PowerLift",
                      "table": "7e52a303-a9f8-4cba-a6f1-f6b963d68731",
                      "item/GenNumber": "@concat(formatDateTime(utcNow(),'yyyy'),'-',string(variables('counter')))",
                      "item/Name": "@triggerBody()['text']",
                      "item/Email": "@triggerBody()['text_1']",
                      "item/PhoneNumber": "@triggerBody()['text_2']",
                      "item/Address": "@triggerBody()['text_3']",
                      "item/Supplements": [
                        {
                          "Value": "Creatine (NEW)"
                        }
                      ],
                      "item/OrderStatus/Value": "Waiting for Approval"
                    },
                    "authentication": "@parameters('$authentication')"
                  }
                }
              }
            },
            "Case_4": {
              "case": "BCAA",
              "actions": {
                "Create_item_4": {
                  "runAfter": {},
                  "metadata": {
                    "operationMetadataId": "932e2f8b-2b62-452c-abd7-c54e954214b3"
                  },
                  "type": "OpenApiConnection",
                  "inputs": {
                    "host": {
                      "connectionName": "shared_sharepointonline",
                      "operationId": "PostItem",
                      "apiId": "/providers/Microsoft.PowerApps/apis/shared_sharepointonline"
                    },
                    "parameters": {
                      "dataset": "https://bsdesigner.sharepoint.com/sites/PowerLift",
                      "table": "7e52a303-a9f8-4cba-a6f1-f6b963d68731",
                      "item/GenNumber": "@concat(formatDateTime(utcNow(),'yyyy'),'-',string(variables('counter')))",
                      "item/Name": "@triggerBody()['text']",
                      "item/Email": "@triggerBody()['text_1']",
                      "item/PhoneNumber": "@triggerBody()['text_2']",
                      "item/Address": "@triggerBody()['text_3']",
                      "item/Supplements": [
                        {
                          "Value": "BCAA"
                        }
                      ],
                      "item/OrderStatus/Value": "Waiting for Approval"
                    },
                    "authentication": "@parameters('$authentication')"
                  }
                }
              }
            },
            "Case_5": {
              "case": "Pre-Workout",
              "actions": {
                "Create_item_5": {
                  "runAfter": {},
                  "metadata": {
                    "operationMetadataId": "1c8f229f-e8b3-412a-a7f9-5d2e50d14fc0"
                  },
                  "type": "OpenApiConnection",
                  "inputs": {
                    "host": {
                      "connectionName": "shared_sharepointonline",
                      "operationId": "PostItem",
                      "apiId": "/providers/Microsoft.PowerApps/apis/shared_sharepointonline"
                    },
                    "parameters": {
                      "dataset": "https://bsdesigner.sharepoint.com/sites/PowerLift",
                      "table": "7e52a303-a9f8-4cba-a6f1-f6b963d68731",
                      "item/GenNumber": "@concat(formatDateTime(utcNow(),'yyyy'),'-',string(variables('counter')))",
                      "item/Name": "@triggerBody()['text']",
                      "item/Email": "@triggerBody()['text_1']",
                      "item/PhoneNumber": "@triggerBody()['text_2']",
                      "item/Address": "@triggerBody()['text_3']",
                      "item/Supplements": [
                        {
                          "Value": "Pre-Workout"
                        }
                      ],
                      "item/OrderStatus/Value": "Waiting for Approval"
                    },
                    "authentication": "@parameters('$authentication')"
                  }
                }
              }
            }
          },
          "default": {
            "actions": {}
          },
          "expression": "@triggerBody()['text_4']",
          "metadata": {
            "operationMetadataId": "d015aa03-cbef-45ea-8164-ae00d1c08bed"
          },
          "type": "Switch"
        },
        "Send_an_email_(V2)": {
          "runAfter": {
            "Switch": [
              "Succeeded"
            ]
          },
          "metadata": {
            "operationMetadataId": "9b0d5c2c-b28d-4f11-b99a-3a0e579c04f8"
          },
          "type": "OpenApiConnection",
          "inputs": {
            "host": {
              "connectionName": "shared_office365",
              "operationId": "SendEmailV2",
              "apiId": "/providers/Microsoft.PowerApps/apis/shared_office365"
            },
            "parameters": {
              "emailMessage/To": "@triggerBody()['text_1']",
              "emailMessage/Subject": "💪✨ PowerLift Order ✨💪",
              "emailMessage/Body": "<p>Hi, <span style=\"color: rgb(84,172,210)\"><strong>Champ</strong></span>!<br>\n<br>\nYour order was already registered. We are Wainting for Approval by our <span style=\"color: rgb(250,197,28)\"><strong>Suplements Team</strong></span>! 😍💪<br>\n<br>\nSee you later,<br>\n<span style=\"color: rgb(147,101,184)\"><strong>PowerLift Gym</strong></span></p>",
              "emailMessage/Importance": "Normal"
            },
            "authentication": "@parameters('$authentication')"
          }
        }
      },
      "outputs": {}
    },
    "templateName": "c9cd2c4e691a4646adc8aa592c88489b"
  },
  "schemaVersion": "1.0.0.0"
}