{
  "properties": {
    "connectionReferences": {},
    "definition": {
      "$schema": "https://schema.management.azure.com/providers/Microsoft.Logic/schemas/2016-06-01/workflowdefinition.json#",
      "contentVersion": "1.0.0.0",
      "parameters": {
        "$authentication": {
          "defaultValue": {},
          "type": "SecureObject"
        },
        "$connections": {
          "defaultValue": {},
          "type": "Object"
        }
      },
      "triggers": {
        "manual": {
          "metadata": {
            "operationMetadataId": "0cf3d7d9-cf75-4cbf-b7df-84aa86bf1e42"
          },
          "type": "Request",
          "kind": "VirtualAgent",
          "inputs": {
            "schema": {
              "type": "object",
              "properties": {},
              "required": []
            }
          }
        }
      },
      "actions": {
        "Return_value(s)_to_Power_Virtual_Agents": {
          "runAfter": {},
          "metadata": {
            "operationMetadataId": "a1c0ea9d-5368-4382-895a-c7a833ea7b3d"
          },
          "type": "Response",
          "kind": "VirtualAgent",
          "inputs": {
            "schema": {
              "type": "object",
              "properties": {
                "imagegold": {
                  "title": "imageGold",
                  "x-ms-dynamically-added": true,
                  "type": "string"
                },
                "imagesilver": {
                  "title": "imageSilver",
                  "x-ms-dynamically-added": true,
                  "type": "string"
                },
                "imagebronze": {
                  "title": "imageBronze",
                  "x-ms-dynamically-added": true,
                  "type": "string"
                }
              },
              "additionalProperties": {}
            },
            "statusCode": 200,
            "body": {
              "imagegold": "![Name](https://raw.githubusercontent.com/inesalves44/GymProject/main/images/9.png)",
              "imagesilver": "![Name](https://raw.githubusercontent.com/inesalves44/GymProject/main/images/8.png)",
              "imagebronze": "![Name](https://raw.githubusercontent.com/inesalves44/GymProject/main/images/7.png)"
            }
          }
        }
      },
      "outputs": {}
    },
    "templateName": null
  },
  "schemaVersion": "1.0.0.0"
}