{"schemaVersion":"1.0","appDefinitionTemplate":{"id":"/providers/Microsoft.PowerApps/apps/","type":"Microsoft.PowerApps/apps","tags":{"primaryDeviceWidth":"600","primaryDeviceHeight":"600","supportsPortrait":"true","supportsLandscape":"true","primaryFormFactor":"Tablet","showStatusBar":"false","publisherVersion":"3.23105.18","minimumRequiredApiVersion":"2.2.0","hasComponent":"false","hasUnlockedComponent":"false","isUnifiedRootApp":"false","sienaVersion":"20231123T100516Z-3.23105.18.0"},"properties":{"appVersion":"2023-11-23T10:05:16Z","lifeCycleId":"Published","createdByClientVersion":{"major":3,"minor":23105,"build":18,"revision":0,"majorRevision":0,"minorRevision":0},"minClientVersion":{"major":3,"minor":23105,"build":18,"revision":0,"majorRevision":0,"minorRevision":0},"backgroundColor":"RGBA(0,176,240,1)","backgroundImageUri":"/18314445280667791071/Naff1a142-0611-4194-9682-ae7516e5bae5-logoSmallFile","displayName":"PasswordSettingForm","description":"","commitMessage":"","appUris":{"documentUri":{"value":"/18314445280667791071/N0f4dfd68-2040-4763-904c-4bab224d7ffa-document.msapp"},"imageUris":[],"additionalUris":[]},"createdTime":"0001-01-01T00:00:00Z","lastModifiedTime":"0001-01-01T00:00:00Z","sharedGroupsCount":0,"sharedUsersCount":0,"connectionReferences":{"7019175d-769b-48d9-ab03-c20cf0c1585f":{"id":"cae465e6-2930-468e-8ad9-b641be470e2c","displayName":"Logic flows","iconUri":"https://connectoricons-prod.azureedge.net/releases/v1.0.1664/1.0.1664.3477/logicflows/icon.png","dataSources":["UpdatePassword"],"dependencies":["1836a762-7c47-4fb2-9167-61fe3fb69f86"],"dependents":[],"parameterHints":{"workflowName":{"value":"82926b6e-2eba-491f-aaf1-b40d98099545"},"workflowEntityId":{},"1836a762-7c47-4fb2-9167-61fe3fb69f86":{"value":"shared_commondataserviceforapps"}},"parameterHintsV2":{"workflowName":{"value":"82926b6e-2eba-491f-aaf1-b40d98099545"},"workflowEntityId":{},"shared_commondataserviceforapps":{"value":"1836a762-7c47-4fb2-9167-61fe3fb69f86"}},"isOnPremiseConnection":false,"bypassConsent":false,"dataSets":{},"apiTier":"Standard","isCustomApiConnection":false,"actions":["Run"],"nestedActions":[{"id":"/providers/Microsoft.PowerApps/apis/shared_commondataserviceforapps/apiOperations/ListRecords","apiName":"Microsoft Dataverse","actionName":"ListRecords","referencedResources":[]},{"id":"/providers/Microsoft.PowerApps/apis/shared_commondataserviceforapps/apiOperations/UpdateRecord","apiName":"Microsoft Dataverse","actionName":"UpdateRecord","referencedResources":[]}]},"1836a762-7c47-4fb2-9167-61fe3fb69f86":{"id":"8a4a170f-2afb-4df6-8c0b-a220ba884b85","displayName":"Microsoft Dataverse","iconUri":"https://connectoricons-prod.azureedge.net/releases/v1.0.1664/1.0.1664.3477/commondataserviceforapps/icon.png","dataSources":[],"dependencies":[],"dependents":["7019175d-769b-48d9-ab03-c20cf0c1585f"],"parameterHints":{},"parameterHintsV2":{},"isOnPremiseConnection":false,"bypassConsent":false,"dataSets":{},"apiTier":"Premium","isCustomApiConnection":false}},"databaseReferences":{"default.cds":{"databaseDetails":{"referenceType":"Environmental","environmentName":"default.cds","overrideValues":{"status":"NotSpecified","environmentVariableName":""}},"dataSources":{"Students":{"entitySetName":"cr0ea_studentses","logicalName":"cr0ea_students"},"StudentsLogin":{"entitySetName":"cr0ea_loginalunoses","logicalName":"cr0ea_loginalunos"}},"actions":["providers/PowerPlatform.Governance/Operations/Read"]}},"almMode":"Environment","performanceOptimizationEnabled":true,"canConsumeAppPass":true,"enableModernRuntimeMode":false,"executionRestrictions":{"isTeamsOnly":false,"dataLossPreventionEvaluationResult":{"status":"Compliant","lastEvaluationDate":"2023-11-23T10:05:44.4264421Z","violations":[],"violationsByPolicy":[],"violationErrorMessage":"The app uses the following connectors: shared_logicflows, shared_commondataserviceforapps, shared_commondataservice."},"httpActionRestriction":{"appUsesSharepointHttpAction":false,"enforcementStrategy":"Legacy","evaluationTime":"2023-11-23T10:05:44.4263422Z"}}},"appType":"ClassicCanvasApp","appComponents":[]}}